{"c13":1.9058817014680485E-5,"c32":1.9058817014680485E-5,"cA2":1.9058817014680485E-5,"u":0.0001237131059384931,"A":0.0154,"g":9.81}