{"b1":0.310269,"b2":0.32518,"b3":0.318736,"m1":-1.04E-5,"m2":-1.036E-5,"m3":-1.03E-5,"std1":8.3E-5,"std2":6.9E-5,"std3":6.1E-5,"stdV3":0.000336,"stdV4":0.00085,"stdV5":0.000728,"bV3":1.26445,"bV4":1.03557,"bV5":1.00437,"mV3":-8.813E-5,"mV4":-9.621E-5,"mV5":-9.039E-5}